sojourn-threshold,kh-threshold,fct-avg,fct-99
20,25,0.013454,0.027258
40,50,0.013481,0.030150
80,100,0.016322,0.221402
120,150,0.020409,0.318722
160,200,0.025127,0.317323
200,250,0.030447,0.320933
250,300,0.038565,0.328044