sojourn-threshold,kh-threshold,fct-avg,fct-99
40,50,0.009271,0.010610
80,100,0.009427,0.011619
120,150,0.013092,0.160410
160,200,0.013092,0.014149