sojourn-threshold,kh-threshold,fct-avg,fct-99
40,50,0.012813,0.026287
80,100,0.012280,0.189407
120,150,0.015319,0.026289
160,200,0.022993,0.354304
200,250, 0.032921,0.346866