sojourn-threshold,kh-threshold,fct-avg,fct-99
40,50,0.013668,0.030946
80,100,0.018355,0.270169
120,150,0.016521,0.035553
160,200,0.027226,0.320230
200,250,0.033248,0.320617
