sojourn-threshold,kh-threshold,fct-avg,fct-99
40,50,0.013443,0.031160
80,100,0.015947,0.081036
120,150,0.020294,0.317298