load,fct-avg,fct-99
0.1,0.021756,0.030000
0.2,0.018596,0.318030
0.3,0.022027,0.317768
0.4,0.030561,0.318117
0.5,0.031980,0.318364
0.6,0.041992,0.320689
0.7,0.043343,0.320877
0.8,0.054770,0.325107
0.9,0.051840,0.321987