load,fct-avg,fct-99
0.1,0.019949,0.034414
0.2,0.014159,0.014644
0.3,0.016777,0.159009
0.4,0.021932,0.317060
0.5,0.023927,0.317561
0.6,0.030835,0.315754
0.7,0.032838,0.318216
0.8,0.040826,0.319437
0.9,0.045253,0.320598